"filename", "language", "C++", "CMake", "JSON5", "JSON", "Python", "Markdown", "hetu", "YAML", "Dart", "XML", "comment", "blank", "total"
"e:\_dev\heavenly-tribulation\CHANGELOG.md", "Markdown", 0, 0, 0, 0, 0, 2, 0, 0, 0, 0, 0, 2, 4
"e:\_dev\heavenly-tribulation\KNOWN_ISSUES.md", "Markdown", 0, 0, 0, 0, 0, 2, 0, 0, 0, 0, 0, 2, 4
"e:\_dev\heavenly-tribulation\README.md", "Markdown", 0, 0, 0, 0, 0, 22, 0, 0, 0, 0, 0, 22, 44
"e:\_dev\heavenly-tribulation\TIPS.md", "Markdown", 0, 0, 0, 0, 0, 2, 0, 0, 0, 0, 0, 2, 4
"e:\_dev\heavenly-tribulation\TODO.md", "Markdown", 0, 0, 0, 0, 0, 58, 0, 0, 0, 0, 0, 51, 109
"e:\_dev\heavenly-tribulation\analysis_options.yaml", "YAML", 0, 0, 0, 0, 0, 0, 0, 9, 0, 0, 22, 3, 34
"e:\_dev\heavenly-tribulation\assets\data\animation.json5", "JSON5", 0, 0, 365, 0, 0, 0, 0, 0, 0, 0, 3, 1, 369
"e:\_dev\heavenly-tribulation\assets\data\card_affixes.json5", "JSON5", 0, 0, 441, 0, 0, 0, 0, 0, 0, 0, 22, 7, 470
"e:\_dev\heavenly-tribulation\assets\data\cards.json5", "JSON5", 0, 0, 1845, 0, 0, 0, 0, 0, 0, 0, 59, 8, 1912
"e:\_dev\heavenly-tribulation\assets\data\craftables.json5", "JSON5", 0, 0, 105, 0, 0, 0, 0, 0, 0, 0, 10, 1, 116
"e:\_dev\heavenly-tribulation\assets\data\items.json5", "JSON5", 0, 0, 91, 0, 0, 0, 0, 0, 0, 0, 14, 7, 112
"e:\_dev\heavenly-tribulation\assets\data\journals.json5", "JSON5", 0, 0, 17, 0, 0, 0, 0, 0, 0, 0, 11, 2, 30
"e:\_dev\heavenly-tribulation\assets\data\map_components.json5", "JSON5", 0, 0, 6, 0, 0, 0, 0, 0, 0, 0, 9, 1, 16
"e:\_dev\heavenly-tribulation\assets\data\maps.json5", "JSON5", 0, 0, 8348, 0, 0, 0, 0, 0, 0, 0, 0, 1, 8349
"e:\_dev\heavenly-tribulation\assets\data\passive_tree.json5", "JSON5", 0, 0, 1491, 0, 0, 0, 0, 0, 0, 0, 37, 23, 1551
"e:\_dev\heavenly-tribulation\assets\data\passives.json5", "JSON5", 0, 0, 940, 0, 0, 0, 0, 0, 0, 0, 57, 31, 1028
"e:\_dev\heavenly-tribulation\assets\data\passives_dungeon.json5", "JSON5", 0, 0, 7, 0, 0, 0, 0, 0, 0, 0, 1, 1, 9
"e:\_dev\heavenly-tribulation\assets\data\quests.json5", "JSON5", 0, 0, 44, 0, 0, 0, 0, 0, 0, 0, 15, 2, 61
"e:\_dev\heavenly-tribulation\assets\data\sprite_sheet.json5", "JSON5", 0, 0, 7, 0, 0, 0, 0, 0, 0, 0, 0, 1, 8
"e:\_dev\heavenly-tribulation\assets\data\status_effect.json5", "JSON5", 0, 0, 783, 0, 0, 0, 0, 0, 0, 0, 43, 19, 845
"e:\_dev\heavenly-tribulation\assets\data\techs.json5", "JSON5", 0, 0, 0, 0, 0, 0, 0, 0, 0, 0, 0, 1, 1
"e:\_dev\heavenly-tribulation\assets\data\tiles.json5", "JSON5", 0, 0, 458, 0, 0, 0, 0, 0, 0, 0, 0, 1, 459
"e:\_dev\heavenly-tribulation\assets\images\mini_game\difference\library\10\config.json5", "JSON5", 0, 0, 122, 0, 0, 0, 0, 0, 0, 0, 0, 1, 123
"e:\_dev\heavenly-tribulation\assets\images\mini_game\difference\library\11\config.json5", "JSON5", 0, 0, 122, 0, 0, 0, 0, 0, 0, 0, 0, 1, 123
"e:\_dev\heavenly-tribulation\assets\images\mini_game\difference\library\12\config.json5", "JSON5", 0, 0, 122, 0, 0, 0, 0, 0, 0, 0, 0, 1, 123
"e:\_dev\heavenly-tribulation\assets\images\mini_game\difference\library\13\config.json5", "JSON5", 0, 0, 122, 0, 0, 0, 0, 0, 0, 0, 0, 0, 122
"e:\_dev\heavenly-tribulation\assets\images\mini_game\difference\library\14\config.json5", "JSON5", 0, 0, 122, 0, 0, 0, 0, 0, 0, 0, 0, 0, 122
"e:\_dev\heavenly-tribulation\assets\images\mini_game\difference\library\15\config.json5", "JSON5", 0, 0, 122, 0, 0, 0, 0, 0, 0, 0, 0, 0, 122
"e:\_dev\heavenly-tribulation\assets\images\mini_game\difference\library\16\config.json5", "JSON5", 0, 0, 122, 0, 0, 0, 0, 0, 0, 0, 0, 0, 122
"e:\_dev\heavenly-tribulation\assets\images\mini_game\difference\library\17\config.json5", "JSON5", 0, 0, 122, 0, 0, 0, 0, 0, 0, 0, 0, 0, 122
"e:\_dev\heavenly-tribulation\assets\images\mini_game\difference\library\18\config.json5", "JSON5", 0, 0, 122, 0, 0, 0, 0, 0, 0, 0, 0, 0, 122
"e:\_dev\heavenly-tribulation\assets\images\mini_game\difference\library\19\config.json5", "JSON5", 0, 0, 122, 0, 0, 0, 0, 0, 0, 0, 0, 0, 122
"e:\_dev\heavenly-tribulation\assets\images\mini_game\difference\library\1\config.json5", "JSON5", 0, 0, 122, 0, 0, 0, 0, 0, 0, 0, 0, 1, 123
"e:\_dev\heavenly-tribulation\assets\images\mini_game\difference\library\20\config.json5", "JSON5", 0, 0, 122, 0, 0, 0, 0, 0, 0, 0, 0, 0, 122
"e:\_dev\heavenly-tribulation\assets\images\mini_game\difference\library\21\config.json5", "JSON5", 0, 0, 122, 0, 0, 0, 0, 0, 0, 0, 0, 0, 122
"e:\_dev\heavenly-tribulation\assets\images\mini_game\difference\library\22\config.json5", "JSON5", 0, 0, 122, 0, 0, 0, 0, 0, 0, 0, 0, 0, 122
"e:\_dev\heavenly-tribulation\assets\images\mini_game\difference\library\23\config.json5", "JSON5", 0, 0, 122, 0, 0, 0, 0, 0, 0, 0, 0, 0, 122
"e:\_dev\heavenly-tribulation\assets\images\mini_game\difference\library\24\config.json5", "JSON5", 0, 0, 122, 0, 0, 0, 0, 0, 0, 0, 0, 0, 122
"e:\_dev\heavenly-tribulation\assets\images\mini_game\difference\library\25\config.json5", "JSON5", 0, 0, 122, 0, 0, 0, 0, 0, 0, 0, 0, 0, 122
"e:\_dev\heavenly-tribulation\assets\images\mini_game\difference\library\26\config.json5", "JSON5", 0, 0, 122, 0, 0, 0, 0, 0, 0, 0, 0, 0, 122
"e:\_dev\heavenly-tribulation\assets\images\mini_game\difference\library\27\config.json5", "JSON5", 0, 0, 122, 0, 0, 0, 0, 0, 0, 0, 0, 0, 122
"e:\_dev\heavenly-tribulation\assets\images\mini_game\difference\library\28\config.json5", "JSON5", 0, 0, 122, 0, 0, 0, 0, 0, 0, 0, 0, 0, 122
"e:\_dev\heavenly-tribulation\assets\images\mini_game\difference\library\29\config.json5", "JSON5", 0, 0, 122, 0, 0, 0, 0, 0, 0, 0, 0, 0, 122
"e:\_dev\heavenly-tribulation\assets\images\mini_game\difference\library\2\config.json5", "JSON5", 0, 0, 122, 0, 0, 0, 0, 0, 0, 0, 0, 1, 123
"e:\_dev\heavenly-tribulation\assets\images\mini_game\difference\library\30\config.json5", "JSON5", 0, 0, 122, 0, 0, 0, 0, 0, 0, 0, 0, 0, 122
"e:\_dev\heavenly-tribulation\assets\images\mini_game\difference\library\31\config.json5", "JSON5", 0, 0, 122, 0, 0, 0, 0, 0, 0, 0, 0, 0, 122
"e:\_dev\heavenly-tribulation\assets\images\mini_game\difference\library\32\config.json5", "JSON5", 0, 0, 122, 0, 0, 0, 0, 0, 0, 0, 0, 0, 122
"e:\_dev\heavenly-tribulation\assets\images\mini_game\difference\library\33\config.json5", "JSON5", 0, 0, 122, 0, 0, 0, 0, 0, 0, 0, 0, 0, 122
"e:\_dev\heavenly-tribulation\assets\images\mini_game\difference\library\34\config.json5", "JSON5", 0, 0, 122, 0, 0, 0, 0, 0, 0, 0, 0, 0, 122
"e:\_dev\heavenly-tribulation\assets\images\mini_game\difference\library\35\config.json5", "JSON5", 0, 0, 122, 0, 0, 0, 0, 0, 0, 0, 0, 0, 122
"e:\_dev\heavenly-tribulation\assets\images\mini_game\difference\library\36\config.json5", "JSON5", 0, 0, 122, 0, 0, 0, 0, 0, 0, 0, 0, 0, 122
"e:\_dev\heavenly-tribulation\assets\images\mini_game\difference\library\37\config.json5", "JSON5", 0, 0, 122, 0, 0, 0, 0, 0, 0, 0, 0, 0, 122
"e:\_dev\heavenly-tribulation\assets\images\mini_game\difference\library\38\config.json5", "JSON5", 0, 0, 122, 0, 0, 0, 0, 0, 0, 0, 0, 0, 122
"e:\_dev\heavenly-tribulation\assets\images\mini_game\difference\library\39\config.json5", "JSON5", 0, 0, 122, 0, 0, 0, 0, 0, 0, 0, 0, 0, 122
"e:\_dev\heavenly-tribulation\assets\images\mini_game\difference\library\3\config.json5", "JSON5", 0, 0, 122, 0, 0, 0, 0, 0, 0, 0, 0, 1, 123
"e:\_dev\heavenly-tribulation\assets\images\mini_game\difference\library\40\config.json5", "JSON5", 0, 0, 122, 0, 0, 0, 0, 0, 0, 0, 0, 0, 122
"e:\_dev\heavenly-tribulation\assets\images\mini_game\difference\library\4\config.json5", "JSON5", 0, 0, 122, 0, 0, 0, 0, 0, 0, 0, 0, 1, 123
"e:\_dev\heavenly-tribulation\assets\images\mini_game\difference\library\5\config.json5", "JSON5", 0, 0, 122, 0, 0, 0, 0, 0, 0, 0, 0, 1, 123
"e:\_dev\heavenly-tribulation\assets\images\mini_game\difference\library\6\config.json5", "JSON5", 0, 0, 122, 0, 0, 0, 0, 0, 0, 0, 0, 1, 123
"e:\_dev\heavenly-tribulation\assets\images\mini_game\difference\library\7\config.json5", "JSON5", 0, 0, 122, 0, 0, 0, 0, 0, 0, 0, 0, 1, 123
"e:\_dev\heavenly-tribulation\assets\images\mini_game\difference\library\8\config.json5", "JSON5", 0, 0, 122, 0, 0, 0, 0, 0, 0, 0, 0, 1, 123
"e:\_dev\heavenly-tribulation\assets\images\mini_game\difference\library\9\config.json5", "JSON5", 0, 0, 122, 0, 0, 0, 0, 0, 0, 0, 0, 1, 123
"e:\_dev\heavenly-tribulation\assets\locale\zh\debug.json", "JSON", 0, 0, 0, 4, 0, 0, 0, 0, 0, 0, 0, 1, 5
"e:\_dev\heavenly-tribulation\assets\locale\zh\discourse.json", "JSON", 0, 0, 0, 10, 0, 0, 0, 0, 0, 0, 0, 1, 11
"e:\_dev\heavenly-tribulation\assets\locale\zh\general.json", "JSON", 0, 0, 0, 786, 0, 0, 0, 0, 0, 0, 0, 196, 982
"e:\_dev\heavenly-tribulation\assets\locale\zh\journal\journal.json", "JSON", 0, 0, 0, 4, 0, 0, 0, 0, 0, 0, 0, 2, 6
"e:\_dev\heavenly-tribulation\assets\locale\zh\journal\organization.json", "JSON", 0, 0, 0, 37, 0, 0, 0, 0, 0, 0, 0, 21, 58
"e:\_dev\heavenly-tribulation\assets\locale\zh\journal\quest.json", "JSON", 0, 0, 0, 48, 0, 0, 0, 0, 0, 0, 0, 12, 60
"e:\_dev\heavenly-tribulation\assets\locale\zh\journal\tutorial.json", "JSON", 0, 0, 0, 24, 0, 0, 0, 0, 0, 0, 0, 17, 41
"e:\_dev\heavenly-tribulation\assets\locale\zh\minigame\mouse_maze.json", "JSON", 0, 0, 0, 3, 0, 0, 0, 0, 0, 0, 0, 1, 4
"e:\_dev\heavenly-tribulation\assets\locale\zh\minigame\tile_matching.json", "JSON", 0, 0, 0, 10, 0, 0, 0, 0, 0, 0, 0, 5, 15
"e:\_dev\heavenly-tribulation\assets\locale\zh\rpg\battle.json", "JSON", 0, 0, 0, 26, 0, 0, 0, 0, 0, 0, 0, 8, 34
"e:\_dev\heavenly-tribulation\assets\locale\zh\rpg\battlecard.json", "JSON", 0, 0, 0, 160, 0, 0, 0, 0, 0, 0, 0, 33, 193
"e:\_dev\heavenly-tribulation\assets\locale\zh\rpg\character.json", "JSON", 0, 0, 0, 282, 0, 0, 0, 0, 0, 0, 0, 57, 339
"e:\_dev\heavenly-tribulation\assets\locale\zh\rpg\deckbuilding.json", "JSON", 0, 0, 0, 64, 0, 0, 0, 0, 0, 0, 0, 18, 82
"e:\_dev\heavenly-tribulation\assets\locale\zh\rpg\dungeon.json", "JSON", 0, 0, 0, 68, 0, 0, 0, 0, 0, 0, 0, 15, 83
"e:\_dev\heavenly-tribulation\assets\locale\zh\rpg\item.json", "JSON", 0, 0, 0, 111, 0, 0, 0, 0, 0, 0, 0, 33, 144
"e:\_dev\heavenly-tribulation\assets\locale\zh\rpg\passive.json", "JSON", 0, 0, 0, 221, 0, 0, 0, 0, 0, 0, 0, 36, 257
"e:\_dev\heavenly-tribulation\assets\locale\zh\rpg\passive_tree.json", "JSON", 0, 0, 0, 61, 0, 0, 0, 0, 0, 0, 0, 8, 69
"e:\_dev\heavenly-tribulation\assets\locale\zh\rpg\status_effect.json", "JSON", 0, 0, 0, 186, 0, 0, 0, 0, 0, 0, 0, 17, 203
"e:\_dev\heavenly-tribulation\assets\locale\zh\rpg\workbench.json", "JSON", 0, 0, 0, 12, 0, 0, 0, 0, 0, 0, 0, 6, 18
"e:\_dev\heavenly-tribulation\assets\locale\zh\story.json", "JSON", 0, 0, 0, 5, 0, 0, 0, 0, 0, 0, 0, 2, 7
"e:\_dev\heavenly-tribulation\assets\locale\zh\tips.json", "JSON", 0, 0, 0, 19, 0, 0, 0, 0, 0, 0, 0, 2, 21
"e:\_dev\heavenly-tribulation\assets\locale\zh\tycoon\craft.json", "JSON", 0, 0, 0, 4, 0, 0, 0, 0, 0, 0, 0, 1, 5
"e:\_dev\heavenly-tribulation\assets\locale\zh\tycoon\location.json", "JSON", 0, 0, 0, 44, 0, 0, 0, 0, 0, 0, 0, 12, 56
"e:\_dev\heavenly-tribulation\assets\locale\zh\tycoon\mateial.json", "JSON", 0, 0, 0, 36, 0, 0, 0, 0, 0, 0, 0, 11, 47
"e:\_dev\heavenly-tribulation\assets\locale\zh\tycoon\sect.json", "JSON", 0, 0, 0, 129, 0, 0, 0, 0, 0, 0, 0, 38, 167
"e:\_dev\heavenly-tribulation\assets\locale\zh\tycoon\title.json", "JSON", 0, 0, 0, 4, 0, 0, 0, 0, 0, 0, 0, 1, 5
"e:\_dev\heavenly-tribulation\assets\locale\zh\ui\mainmenu.json", "JSON", 0, 0, 0, 23, 0, 0, 0, 0, 0, 0, 0, 9, 32
"e:\_dev\heavenly-tribulation\assets\locale\zh\wiki.json", "JSON", 0, 0, 0, 40, 0, 0, 0, 0, 0, 0, 0, 8, 48
"e:\_dev\heavenly-tribulation\assets\locale\zh\world_map.json", "JSON", 0, 0, 0, 28, 0, 0, 0, 0, 0, 0, 0, 6, 34
"e:\_dev\heavenly-tribulation\assets\mods\main.mod", "XML", 0, 0, 0, 0, 0, 0, 0, 0, 0, 15184, 0, 37, 15221
"e:\_dev\heavenly-tribulation\assets\mods\story.mod", "XML", 0, 0, 0, 0, 0, 0, 0, 0, 0, 550, 0, 0, 550
"e:\_dev\heavenly-tribulation\build.py", "Python", 0, 0, 0, 0, 6, 0, 0, 0, 0, 0, 0, 3, 9
"e:\_dev\heavenly-tribulation\devtools_options.yaml", "YAML", 0, 0, 0, 0, 0, 0, 0, 4, 0, 0, 0, 0, 4
"e:\_dev\heavenly-tribulation\docs\docs\how2play\mini_game\tile_matching\readme.md", "Markdown", 0, 0, 0, 0, 0, 23, 0, 0, 0, 0, 0, 11, 34
"e:\_dev\heavenly-tribulation\docs\docs\how2play\readme.md", "Markdown", 0, 0, 0, 0, 0, 32, 0, 0, 0, 0, 0, 28, 60
"e:\_dev\heavenly-tribulation\docs\docs\how2play\rpg\battle\battle_card\readme.md", "Markdown", 0, 0, 0, 0, 0, 78, 0, 0, 0, 0, 0, 53, 131
"e:\_dev\heavenly-tribulation\docs\docs\how2play\rpg\battle\battle_resource\readme.md", "Markdown", 0, 0, 0, 0, 0, 53, 0, 0, 0, 0, 0, 33, 86
"e:\_dev\heavenly-tribulation\docs\docs\how2play\rpg\battle\readme.md", "Markdown", 0, 0, 0, 0, 0, 163, 0, 0, 0, 0, 0, 69, 232
"e:\_dev\heavenly-tribulation\docs\docs\how2play\rpg\character\personality\readme.md", "Markdown", 0, 0, 0, 0, 0, 174, 0, 0, 0, 0, 0, 79, 253
"e:\_dev\heavenly-tribulation\docs\docs\how2play\rpg\character\readme.md", "Markdown", 0, 0, 0, 0, 0, 69, 0, 0, 0, 0, 0, 27, 96
"e:\_dev\heavenly-tribulation\docs\docs\how2play\rpg\character\relationship\readme.md", "Markdown", 0, 0, 0, 0, 0, 59, 0, 0, 0, 0, 0, 25, 84
"e:\_dev\heavenly-tribulation\docs\docs\how2play\rpg\craft\readme.md", "Markdown", 0, 0, 0, 0, 0, 8, 0, 0, 0, 0, 0, 8, 16
"e:\_dev\heavenly-tribulation\docs\docs\how2play\rpg\cultivation\level\readme.md", "Markdown", 0, 0, 0, 0, 0, 30, 0, 0, 0, 0, 0, 17, 47
"e:\_dev\heavenly-tribulation\docs\docs\how2play\rpg\cultivation\passive_skill\readme.md", "Markdown", 0, 0, 0, 0, 0, 25, 0, 0, 0, 0, 0, 25, 50
"e:\_dev\heavenly-tribulation\docs\docs\how2play\rpg\cultivation\readme.md", "Markdown", 0, 0, 0, 0, 0, 167, 0, 0, 0, 0, 0, 92, 259
"e:\_dev\heavenly-tribulation\docs\docs\how2play\rpg\cultivation\tribulation\readme.md", "Markdown", 0, 0, 0, 0, 0, 16, 0, 0, 0, 0, 0, 9, 25
"e:\_dev\heavenly-tribulation\docs\docs\how2play\rpg\dungeon\readme.md", "Markdown", 0, 0, 0, 0, 0, 121, 0, 0, 0, 0, 0, 72, 193
"e:\_dev\heavenly-tribulation\docs\docs\how2play\rpg\encounter\readme.md", "Markdown", 0, 0, 0, 0, 0, 7, 0, 0, 0, 0, 0, 7, 14
"e:\_dev\heavenly-tribulation\docs\docs\how2play\rpg\incident\readme.md", "Markdown", 0, 0, 0, 0, 0, 63, 0, 0, 0, 0, 0, 27, 90
"e:\_dev\heavenly-tribulation\docs\docs\how2play\rpg\item\consumable\readme.md", "Markdown", 0, 0, 0, 0, 0, 58, 0, 0, 0, 0, 0, 16, 74
"e:\_dev\heavenly-tribulation\docs\docs\how2play\rpg\item\equipment\readme.md", "Markdown", 0, 0, 0, 0, 0, 84, 0, 0, 0, 0, 0, 55, 139
"e:\_dev\heavenly-tribulation\docs\docs\how2play\rpg\item\readme.md", "Markdown", 0, 0, 0, 0, 0, 1, 0, 0, 0, 0, 0, 1, 2
"e:\_dev\heavenly-tribulation\docs\docs\how2play\rpg\quest\readme.md", "Markdown", 0, 0, 0, 0, 0, 115, 0, 0, 0, 0, 0, 84, 199
"e:\_dev\heavenly-tribulation\docs\docs\how2play\rpg\quest\work_produce\readme.md", "Markdown", 0, 0, 0, 0, 0, 13, 0, 0, 0, 0, 0, 4, 17
"e:\_dev\heavenly-tribulation\docs\docs\how2play\rpg\readme.md", "Markdown", 0, 0, 0, 0, 0, 16, 0, 0, 0, 0, 0, 9, 25
"e:\_dev\heavenly-tribulation\docs\docs\how2play\rpg\sect\readme.md", "Markdown", 0, 0, 0, 0, 0, 148, 0, 0, 0, 0, 0, 118, 266
"e:\_dev\heavenly-tribulation\docs\docs\how2play\tutorial\readme.md", "Markdown", 0, 0, 0, 0, 0, 9, 0, 0, 0, 0, 0, 9, 18
"e:\_dev\heavenly-tribulation\docs\docs\how2play\tycoon\city\readme.md", "Markdown", 0, 0, 0, 0, 0, 1, 0, 0, 0, 0, 0, 1, 2
"e:\_dev\heavenly-tribulation\docs\docs\how2play\tycoon\material\readme.md", "Markdown", 0, 0, 0, 0, 0, 81, 0, 0, 0, 0, 0, 53, 134
"e:\_dev\heavenly-tribulation\docs\docs\how2play\tycoon\readme.md", "Markdown", 0, 0, 0, 0, 0, 10, 0, 0, 0, 0, 0, 10, 20
"e:\_dev\heavenly-tribulation\docs\docs\how2play\tycoon\site\readme.md", "Markdown", 0, 0, 0, 0, 0, 206, 0, 0, 0, 0, 0, 138, 344
"e:\_dev\heavenly-tribulation\docs\docs\how2play\tycoon\terrain\readme.md", "Markdown", 0, 0, 0, 0, 0, 20, 0, 0, 0, 0, 0, 5, 25
"e:\_dev\heavenly-tribulation\docs\docs\mod\readme.md", "Markdown", 0, 0, 0, 0, 0, 105, 0, 0, 0, 0, 0, 28, 133
"e:\_dev\heavenly-tribulation\docs\docs\readme.md", "Markdown", 0, 0, 0, 0, 0, 2, 0, 0, 0, 0, 0, 2, 4
"e:\_dev\heavenly-tribulation\docs\docs\story\ending\readme.md", "Markdown", 0, 0, 0, 0, 0, 19, 0, 0, 0, 0, 0, 6, 25
"e:\_dev\heavenly-tribulation\docs\docs\story\main\readme.md", "Markdown", 0, 0, 0, 0, 0, 344, 0, 0, 0, 0, 0, 316, 660
"e:\_dev\heavenly-tribulation\docs\docs\story\pivotal\readme.md", "Markdown", 0, 0, 0, 0, 0, 12, 0, 0, 0, 0, 0, 12, 24
"e:\_dev\heavenly-tribulation\docs\docs\story\readme.md", "Markdown", 0, 0, 0, 0, 0, 1, 0, 0, 0, 0, 0, 1, 2
"e:\_dev\heavenly-tribulation\docs\docs\story\world_setting\readme.md", "Markdown", 0, 0, 0, 0, 0, 25, 0, 0, 0, 0, 0, 25, 50
"e:\_dev\heavenly-tribulation\docs\package.json", "JSON", 0, 0, 0, 14, 0, 0, 0, 0, 0, 0, 0, 1, 15
"e:\_dev\heavenly-tribulation\docs\wiki.json5", "JSON5", 0, 0, 202, 0, 0, 0, 0, 0, 0, 0, 1, 1, 204
"e:\_dev\heavenly-tribulation\icons_launcher.yaml", "YAML", 0, 0, 0, 0, 0, 0, 0, 5, 0, 0, 0, 1, 6
"e:\_dev\heavenly-tribulation\lib\app.dart", "Dart", 0, 0, 0, 0, 0, 0, 0, 0, 661, 0, 27, 111, 799
"e:\_dev\heavenly-tribulation\lib\data\common.dart", "Dart", 0, 0, 0, 0, 0, 0, 0, 0, 1809, 0, 96, 142, 2047
"e:\_dev\heavenly-tribulation\lib\data\constants.dart", "Dart", 0, 0, 0, 0, 0, 0, 0, 0, 172, 0, 1, 5, 178
"e:\_dev\heavenly-tribulation\lib\data\game.dart", "Dart", 0, 0, 0, 0, 0, 0, 0, 0, 1817, 0, 117, 234, 2168
"e:\_dev\heavenly-tribulation\lib\data\prompt.dart", "Dart", 0, 0, 0, 0, 0, 0, 0, 0, 34, 0, 0, 11, 45
"e:\_dev\heavenly-tribulation\lib\extensions.dart", "Dart", 0, 0, 0, 0, 0, 0, 0, 0, 129, 0, 3, 7, 139
"e:\_dev\heavenly-tribulation\lib\flutter_painter.dart", "Dart", 0, 0, 0, 0, 0, 0, 0, 0, 28, 0, 1, 5, 34
"e:\_dev\heavenly-tribulation\lib\global.dart", "Dart", 0, 0, 0, 0, 0, 0, 0, 0, 7, 0, 0, 6, 13
"e:\_dev\heavenly-tribulation\lib\logic\character.dart", "Dart", 0, 0, 0, 0, 0, 0, 0, 0, 1566, 0, 32, 52, 1650
"e:\_dev\heavenly-tribulation\lib\logic\location.dart", "Dart", 0, 0, 0, 0, 0, 0, 0, 0, 396, 0, 17, 53, 466
"e:\_dev\heavenly-tribulation\lib\logic\logic.dart", "Dart", 0, 0, 0, 0, 0, 0, 0, 0, 1462, 0, 154, 178, 1794
"e:\_dev\heavenly-tribulation\lib\logic\sect.dart", "Dart", 0, 0, 0, 0, 0, 0, 0, 0, 252, 0, 20, 23, 295
"e:\_dev\heavenly-tribulation\lib\main.dart", "Dart", 0, 0, 0, 0, 0, 0, 0, 0, 100, 0, 31, 11, 142
"e:\_dev\heavenly-tribulation\lib\scene\battle\battle.dart", "Dart", 0, 0, 0, 0, 0, 0, 0, 0, 739, 0, 25, 106, 870
"e:\_dev\heavenly-tribulation\lib\scene\battle\battledeck_zone.dart", "Dart", 0, 0, 0, 0, 0, 0, 0, 0, 75, 0, 6, 14, 95
"e:\_dev\heavenly-tribulation\lib\scene\battle\character.dart", "Dart", 0, 0, 0, 0, 0, 0, 0, 0, 689, 0, 107, 125, 921
"e:\_dev\heavenly-tribulation\lib\scene\battle\character_binding.dart", "Dart", 0, 0, 0, 0, 0, 0, 0, 0, 89, 0, 0, 5, 94
"e:\_dev\heavenly-tribulation\lib\scene\battle\common.dart", "Dart", 0, 0, 0, 0, 0, 0, 0, 0, 64, 0, 0, 4, 68
"e:\_dev\heavenly-tribulation\lib\scene\battle\drop_menu.dart", "Dart", 0, 0, 0, 0, 0, 0, 0, 0, 36, 0, 0, 7, 43
"e:\_dev\heavenly-tribulation\lib\scene\battle\equipments_bar.dart", "Dart", 0, 0, 0, 0, 0, 0, 0, 0, 94, 0, 0, 14, 108
"e:\_dev\heavenly-tribulation\lib\scene\battle\status_effect.dart", "Dart", 0, 0, 0, 0, 0, 0, 0, 0, 95, 0, 3, 20, 118
"e:\_dev\heavenly-tribulation\lib\scene\battle\versus_banner.dart", "Dart", 0, 0, 0, 0, 0, 0, 0, 0, 79, 0, 18, 13, 110
"e:\_dev\heavenly-tribulation\lib\scene\card_library\card_library.dart", "Dart", 0, 0, 0, 0, 0, 0, 0, 0, 1384, 0, 15, 197, 1596
"e:\_dev\heavenly-tribulation\lib\scene\card_library\common.dart", "Dart", 0, 0, 0, 0, 0, 0, 0, 0, 10, 0, 0, 1, 11
"e:\_dev\heavenly-tribulation\lib\scene\card_library\deckbuilding_zone.dart", "Dart", 0, 0, 0, 0, 0, 0, 0, 0, 313, 0, 56, 60, 429
"e:\_dev\heavenly-tribulation\lib\scene\card_library\library_zone.dart", "Dart", 0, 0, 0, 0, 0, 0, 0, 0, 302, 0, 43, 58, 403
"e:\_dev\heavenly-tribulation\lib\scene\common.dart", "Dart", 0, 0, 0, 0, 0, 0, 0, 0, 23, 0, 1, 8, 32
"e:\_dev\heavenly-tribulation\lib\scene\cultivation\cultivation.dart", "Dart", 0, 0, 0, 0, 0, 0, 0, 0, 1015, 0, 89, 170, 1274
"e:\_dev\heavenly-tribulation\lib\scene\cursor_state.dart", "Dart", 0, 0, 0, 0, 0, 0, 0, 0, 29, 0, 0, 5, 34
"e:\_dev\heavenly-tribulation\lib\scene\game_creation\create_blank_map.dart", "Dart", 0, 0, 0, 0, 0, 0, 0, 0, 249, 0, 0, 12, 261
"e:\_dev\heavenly-tribulation\lib\scene\game_creation\create_sandbox_game.dart", "Dart", 0, 0, 0, 0, 0, 0, 0, 0, 440, 0, 30, 27, 497
"e:\_dev\heavenly-tribulation\lib\scene\game_creation\load_game.dart", "Dart", 0, 0, 0, 0, 0, 0, 0, 0, 175, 0, 1, 9, 185
"e:\_dev\heavenly-tribulation\lib\scene\game_over.dart", "Dart", 0, 0, 0, 0, 0, 0, 0, 0, 45, 0, 0, 5, 50
"e:\_dev\heavenly-tribulation\lib\scene\loading_screen.dart", "Dart", 0, 0, 0, 0, 0, 0, 0, 0, 62, 0, 1, 6, 69
"e:\_dev\heavenly-tribulation\lib\scene\location\character_visit.dart", "Dart", 0, 0, 0, 0, 0, 0, 0, 0, 146, 0, 6, 12, 164
"e:\_dev\heavenly-tribulation\lib\scene\location\location.dart", "Dart", 0, 0, 0, 0, 0, 0, 0, 0, 317, 0, 4, 35, 356
"e:\_dev\heavenly-tribulation\lib\scene\mainmenu\mainmenu_scene.dart", "Dart", 0, 0, 0, 0, 0, 0, 0, 0, 66, 0, 5, 7, 78
"e:\_dev\heavenly-tribulation\lib\scene\mainmenu\mainmenu_widgets.dart", "Dart", 0, 0, 0, 0, 0, 0, 0, 0, 483, 0, 25, 16, 524
"e:\_dev\heavenly-tribulation\lib\scene\mini_game\common.dart", "Dart", 0, 0, 0, 0, 0, 0, 0, 0, 7, 0, 0, 3, 10
"e:\_dev\heavenly-tribulation\lib\scene\mini_game\difference\difference.dart", "Dart", 0, 0, 0, 0, 0, 0, 0, 0, 523, 0, 42, 87, 652
"e:\_dev\heavenly-tribulation\lib\scene\mini_game\matching2\matching2.dart", "Dart", 0, 0, 0, 0, 0, 0, 0, 0, 779, 0, 146, 163, 1088
"e:\_dev\heavenly-tribulation\lib\scene\mini_game\matching\collect_panel.dart", "Dart", 0, 0, 0, 0, 0, 0, 0, 0, 121, 0, 17, 31, 169
"e:\_dev\heavenly-tribulation\lib\scene\mini_game\matching\matching.dart", "Dart", 0, 0, 0, 0, 0, 0, 0, 0, 640, 0, 11, 76, 727
"e:\_dev\heavenly-tribulation\lib\scene\mini_game\memory_card\memory_card.dart", "Dart", 0, 0, 0, 0, 0, 0, 0, 0, 339, 0, 42, 64, 445
"e:\_dev\heavenly-tribulation\lib\scene\mini_game\mouse_maze\mouse_maze.dart", "Dart", 0, 0, 0, 0, 0, 0, 0, 0, 860, 0, 88, 161, 1109
"e:\_dev\heavenly-tribulation\lib\scene\mini_game\nanogram\nanogram.dart", "Dart", 0, 0, 0, 0, 0, 0, 0, 0, 1146, 0, 155, 226, 1527
"e:\_dev\heavenly-tribulation\lib\scene\particles\light_point.dart", "Dart", 0, 0, 0, 0, 0, 0, 0, 0, 71, 0, 2, 24, 97
"e:\_dev\heavenly-tribulation\lib\scene\particles\light_trail.dart", "Dart", 0, 0, 0, 0, 0, 0, 0, 0, 82, 0, 1, 21, 104
"e:\_dev\heavenly-tribulation\lib\scene\sect\meeting.dart", "Dart", 0, 0, 0, 0, 0, 0, 0, 0, 78, 0, 14, 9, 101
"e:\_dev\heavenly-tribulation\lib\scene\world\animation\banner.dart", "Dart", 0, 0, 0, 0, 0, 0, 0, 0, 47, 0, 0, 11, 58
"e:\_dev\heavenly-tribulation\lib\scene\world\animation\flying_sword.dart", "Dart", 0, 0, 0, 0, 0, 0, 0, 0, 44, 0, 1, 13, 58
"e:\_dev\heavenly-tribulation\lib\scene\world\animation\mark_arrow.dart", "Dart", 0, 0, 0, 0, 0, 0, 0, 0, 2, 0, 0, 2, 4
"e:\_dev\heavenly-tribulation\lib\scene\world\particles\cloud.dart", "Dart", 0, 0, 0, 0, 0, 0, 0, 0, 37, 0, 1, 12, 50
"e:\_dev\heavenly-tribulation\lib\scene\world\particles\rubble.dart", "Dart", 0, 0, 0, 0, 0, 0, 0, 0, 36, 0, 2, 12, 50
"e:\_dev\heavenly-tribulation\lib\scene\world\widgets\drop_menu.dart", "Dart", 0, 0, 0, 0, 0, 0, 0, 0, 315, 0, 0, 17, 332
"e:\_dev\heavenly-tribulation\lib\scene\world\widgets\entity_list.dart", "Dart", 0, 0, 0, 0, 0, 0, 0, 0, 992, 0, 141, 50, 1183
"e:\_dev\heavenly-tribulation\lib\scene\world\widgets\expand_world_dialog.dart", "Dart", 0, 0, 0, 0, 0, 0, 0, 0, 108, 0, 0, 13, 121
"e:\_dev\heavenly-tribulation\lib\scene\world\widgets\location_panel.dart", "Dart", 0, 0, 0, 0, 0, 0, 0, 0, 134, 0, 3, 11, 148
"e:\_dev\heavenly-tribulation\lib\scene\world\widgets\tile_detail.dart", "Dart", 0, 0, 0, 0, 0, 0, 0, 0, 93, 0, 7, 11, 111
"e:\_dev\heavenly-tribulation\lib\scene\world\widgets\toolbox.dart", "Dart", 0, 0, 0, 0, 0, 0, 0, 0, 383, 0, 9, 12, 404
"e:\_dev\heavenly-tribulation\lib\scene\world\world.dart", "Dart", 0, 0, 0, 0, 0, 0, 0, 0, 1657, 0, 105, 198, 1960
"e:\_dev\heavenly-tribulation\lib\state\character.dart", "Dart", 0, 0, 0, 0, 0, 0, 0, 0, 96, 0, 4, 13, 113
"e:\_dev\heavenly-tribulation\lib\state\game_save.dart", "Dart", 0, 0, 0, 0, 0, 0, 0, 0, 175, 0, 0, 25, 200
"e:\_dev\heavenly-tribulation\lib\state\game_state.dart", "Dart", 0, 0, 0, 0, 0, 0, 0, 0, 129, 0, 0, 18, 147
"e:\_dev\heavenly-tribulation\lib\state\item_select.dart", "Dart", 0, 0, 0, 0, 0, 0, 0, 0, 37, 0, 0, 4, 41
"e:\_dev\heavenly-tribulation\lib\state\meeting.dart", "Dart", 0, 0, 0, 0, 0, 0, 0, 0, 21, 0, 4, 6, 31
"e:\_dev\heavenly-tribulation\lib\state\new_prompt.dart", "Dart", 0, 0, 0, 0, 0, 0, 0, 0, 51, 0, 0, 10, 61
"e:\_dev\heavenly-tribulation\lib\state\states.dart", "Dart", 0, 0, 0, 0, 0, 0, 0, 0, 8, 0, 0, 1, 9
"e:\_dev\heavenly-tribulation\lib\state\view_panels.dart", "Dart", 0, 0, 0, 0, 0, 0, 0, 0, 53, 0, 0, 11, 64
"e:\_dev\heavenly-tribulation\lib\state\world_map.dart", "Dart", 0, 0, 0, 0, 0, 0, 0, 0, 34, 0, 0, 6, 40
"e:\_dev\heavenly-tribulation\lib\typedef.dart", "Dart", 0, 0, 0, 0, 0, 0, 0, 0, 0, 0, 0, 1, 1
"e:\_dev\heavenly-tribulation\lib\ui.dart", "Dart", 0, 0, 0, 0, 0, 0, 0, 0, 653, 0, 65, 130, 848
"e:\_dev\heavenly-tribulation\lib\util.dart", "Dart", 0, 0, 0, 0, 0, 0, 0, 0, 16, 0, 0, 3, 19
"e:\_dev\heavenly-tribulation\lib\widgets\character\bonds.dart", "Dart", 0, 0, 0, 0, 0, 0, 0, 0, 84, 0, 9, 10, 103
"e:\_dev\heavenly-tribulation\lib\widgets\character\edit_character_basics.dart", "Dart", 0, 0, 0, 0, 0, 0, 0, 0, 269, 0, 9, 13, 291
"e:\_dev\heavenly-tribulation\lib\widgets\character\edit_character_bond.dart", "Dart", 0, 0, 0, 0, 0, 0, 0, 0, 179, 0, 0, 13, 192
"e:\_dev\heavenly-tribulation\lib\widgets\character\edit_character_flags.dart", "Dart", 0, 0, 0, 0, 0, 0, 0, 0, 88, 0, 0, 9, 97
"e:\_dev\heavenly-tribulation\lib\widgets\character\edit_rank_level.dart", "Dart", 0, 0, 0, 0, 0, 0, 0, 0, 134, 0, 0, 13, 147
"e:\_dev\heavenly-tribulation\lib\widgets\character\history.dart", "Dart", 0, 0, 0, 0, 0, 0, 0, 0, 42, 0, 0, 6, 48
"e:\_dev\heavenly-tribulation\lib\widgets\character\inventory\equipment_bar.dart", "Dart", 0, 0, 0, 0, 0, 0, 0, 0, 83, 0, 0, 8, 91
"e:\_dev\heavenly-tribulation\lib\widgets\character\inventory\inventory.dart", "Dart", 0, 0, 0, 0, 0, 0, 0, 0, 126, 0, 1, 14, 141
"e:\_dev\heavenly-tribulation\lib\widgets\character\inventory\item_grid.dart", "Dart", 0, 0, 0, 0, 0, 0, 0, 0, 131, 0, 0, 7, 138
"e:\_dev\heavenly-tribulation\lib\widgets\character\inventory\material.dart", "Dart", 0, 0, 0, 0, 0, 0, 0, 0, 143, 0, 0, 12, 155
"e:\_dev\heavenly-tribulation\lib\widgets\character\item_select_dialog.dart", "Dart", 0, 0, 0, 0, 0, 0, 0, 0, 151, 0, 0, 9, 160
"e:\_dev\heavenly-tribulation\lib\widgets\character\journal.dart", "Dart", 0, 0, 0, 0, 0, 0, 0, 0, 303, 0, 2, 23, 328
"e:\_dev\heavenly-tribulation\lib\widgets\character\memory_and_bond.dart", "Dart", 0, 0, 0, 0, 0, 0, 0, 0, 199, 0, 12, 20, 231
"e:\_dev\heavenly-tribulation\lib\widgets\character\merchant\currency_bar.dart", "Dart", 0, 0, 0, 0, 0, 0, 0, 0, 85, 0, 0, 6, 91
"e:\_dev\heavenly-tribulation\lib\widgets\character\merchant\merchant.dart", "Dart", 0, 0, 0, 0, 0, 0, 0, 0, 799, 0, 19, 40, 858
"e:\_dev\heavenly-tribulation\lib\widgets\character\profile.dart", "Dart", 0, 0, 0, 0, 0, 0, 0, 0, 616, 0, 17, 57, 690
"e:\_dev\heavenly-tribulation\lib\widgets\character\stats.dart", "Dart", 0, 0, 0, 0, 0, 0, 0, 0, 171, 0, 0, 18, 189
"e:\_dev\heavenly-tribulation\lib\widgets\character\stats_and_item.dart", "Dart", 0, 0, 0, 0, 0, 0, 0, 0, 196, 0, 12, 15, 223
"e:\_dev\heavenly-tribulation\lib\widgets\common.dart", "Dart", 0, 0, 0, 0, 0, 0, 0, 0, 140, 0, 0, 16, 156
"e:\_dev\heavenly-tribulation\lib\widgets\dialog\confirm.dart", "Dart", 0, 0, 0, 0, 0, 0, 0, 0, 76, 0, 0, 7, 83
"e:\_dev\heavenly-tribulation\lib\widgets\dialog\input_description.dart", "Dart", 0, 0, 0, 0, 0, 0, 0, 0, 101, 0, 1, 13, 115
"e:\_dev\heavenly-tribulation\lib\widgets\dialog\input_integer.dart", "Dart", 0, 0, 0, 0, 0, 0, 0, 0, 99, 0, 0, 11, 110
"e:\_dev\heavenly-tribulation\lib\widgets\dialog\input_name.dart", "Dart", 0, 0, 0, 0, 0, 0, 0, 0, 132, 0, 0, 15, 147
"e:\_dev\heavenly-tribulation\lib\widgets\dialog\input_slider.dart", "Dart", 0, 0, 0, 0, 0, 0, 0, 0, 123, 0, 0, 11, 134
"e:\_dev\heavenly-tribulation\lib\widgets\dialog\input_string.dart", "Dart", 0, 0, 0, 0, 0, 0, 0, 0, 100, 0, 0, 13, 113
"e:\_dev\heavenly-tribulation\lib\widgets\dialog\input_vector2.dart", "Dart", 0, 0, 0, 0, 0, 0, 0, 0, 134, 0, 0, 13, 147
"e:\_dev\heavenly-tribulation\lib\widgets\dialog\input_world_position.dart", "Dart", 0, 0, 0, 0, 0, 0, 0, 0, 200, 0, 0, 15, 215
"e:\_dev\heavenly-tribulation\lib\widgets\dialog\new_items.dart", "Dart", 0, 0, 0, 0, 0, 0, 0, 0, 86, 0, 0, 8, 94
"e:\_dev\heavenly-tribulation\lib\widgets\dialog\new_journal.dart", "Dart", 0, 0, 0, 0, 0, 0, 0, 0, 105, 0, 0, 6, 111
"e:\_dev\heavenly-tribulation\lib\widgets\dialog\new_rank.dart", "Dart", 0, 0, 0, 0, 0, 0, 0, 0, 68, 0, 0, 7, 75
"e:\_dev\heavenly-tribulation\lib\widgets\dialog\select_menu.dart", "Dart", 0, 0, 0, 0, 0, 0, 0, 0, 100, 0, 0, 11, 111
"e:\_dev\heavenly-tribulation\lib\widgets\entity_table.dart", "Dart", 0, 0, 0, 0, 0, 0, 0, 0, 84, 0, 1, 12, 97
"e:\_dev\heavenly-tribulation\lib\widgets\history_list.dart", "Dart", 0, 0, 0, 0, 0, 0, 0, 0, 162, 0, 0, 25, 187
"e:\_dev\heavenly-tribulation\lib\widgets\history_panel.dart", "Dart", 0, 0, 0, 0, 0, 0, 0, 0, 149, 0, 3, 11, 163
"e:\_dev\heavenly-tribulation\lib\widgets\information.dart", "Dart", 0, 0, 0, 0, 0, 0, 0, 0, 443, 0, 1, 27, 471
"e:\_dev\heavenly-tribulation\lib\widgets\journal_panel.dart", "Dart", 0, 0, 0, 0, 0, 0, 0, 0, 113, 0, 1, 7, 121
"e:\_dev\heavenly-tribulation\lib\widgets\location\city.dart", "Dart", 0, 0, 0, 0, 0, 0, 0, 0, 784, 0, 3, 44, 831
"e:\_dev\heavenly-tribulation\lib\widgets\location\edit_location_basics.dart", "Dart", 0, 0, 0, 0, 0, 0, 0, 0, 287, 0, 2, 23, 312
"e:\_dev\heavenly-tribulation\lib\widgets\location\edit_npc_basics.dart", "Dart", 0, 0, 0, 0, 0, 0, 0, 0, 214, 0, 6, 12, 232
"e:\_dev\heavenly-tribulation\lib\widgets\location\site.dart", "Dart", 0, 0, 0, 0, 0, 0, 0, 0, 475, 0, 2, 28, 505
"e:\_dev\heavenly-tribulation\lib\widgets\location\site_card.dart", "Dart", 0, 0, 0, 0, 0, 0, 0, 0, 56, 0, 0, 5, 61
"e:\_dev\heavenly-tribulation\lib\widgets\npc_list.dart", "Dart", 0, 0, 0, 0, 0, 0, 0, 0, 92, 0, 0, 15, 107
"e:\_dev\heavenly-tribulation\lib\widgets\prebatle\battlecard.dart", "Dart", 0, 0, 0, 0, 0, 0, 0, 0, 78, 0, 0, 8, 86
"e:\_dev\heavenly-tribulation\lib\widgets\prebatle\prebattle.dart", "Dart", 0, 0, 0, 0, 0, 0, 0, 0, 501, 0, 29, 23, 553
"e:\_dev\heavenly-tribulation\lib\widgets\sect\edit_sect_basic.dart", "Dart", 0, 0, 0, 0, 0, 0, 0, 0, 247, 0, 0, 17, 264
"e:\_dev\heavenly-tribulation\lib\widgets\sect\sect.dart", "Dart", 0, 0, 0, 0, 0, 0, 0, 0, 207, 0, 1, 26, 234
"e:\_dev\heavenly-tribulation\lib\widgets\timeflow.dart", "Dart", 0, 0, 0, 0, 0, 0, 0, 0, 150, 0, 1, 24, 175
"e:\_dev\heavenly-tribulation\lib\widgets\ui\bordered_icon_button.dart", "Dart", 0, 0, 0, 0, 0, 0, 0, 0, 77, 0, 0, 7, 84
"e:\_dev\heavenly-tribulation\lib\widgets\ui\close_button2.dart", "Dart", 0, 0, 0, 0, 0, 0, 0, 0, 34, 0, 0, 5, 39
"e:\_dev\heavenly-tribulation\lib\widgets\ui\draggable_panel.dart", "Dart", 0, 0, 0, 0, 0, 0, 0, 0, 86, 0, 1, 8, 95
"e:\_dev\heavenly-tribulation\lib\widgets\ui\dropdown_menu_button.dart", "Dart", 0, 0, 0, 0, 0, 0, 0, 0, 56, 0, 1, 10, 67
"e:\_dev\heavenly-tribulation\lib\widgets\ui\int_editor_field.dart", "Dart", 0, 0, 0, 0, 0, 0, 0, 0, 77, 0, 0, 15, 92
"e:\_dev\heavenly-tribulation\lib\widgets\ui\responsive_view.dart", "Dart", 0, 0, 0, 0, 0, 0, 0, 0, 98, 0, 0, 5, 103
"e:\_dev\heavenly-tribulation\lib\widgets\ui_overlay.dart", "Dart", 0, 0, 0, 0, 0, 0, 0, 0, 693, 0, 21, 25, 739
"e:\_dev\heavenly-tribulation\lib\widgets\view\alchemy.dart", "Dart", 0, 0, 0, 0, 0, 0, 0, 0, 128, 0, 0, 9, 137
"e:\_dev\heavenly-tribulation\lib\widgets\view\quest_view.dart", "Dart", 0, 0, 0, 0, 0, 0, 0, 0, 174, 0, 0, 10, 184
"e:\_dev\heavenly-tribulation\lib\widgets\view\workshop.dart", "Dart", 0, 0, 0, 0, 0, 0, 0, 0, 407, 0, 0, 16, 423
"e:\_dev\heavenly-tribulation\lib\widgets\zone\zone.dart", "Dart", 0, 0, 0, 0, 0, 0, 0, 0, 28, 0, 0, 5, 33
"e:\_dev\heavenly-tribulation\pubspec.yaml", "YAML", 0, 0, 0, 0, 0, 0, 0, 225, 0, 0, 5, 27, 257
"e:\_dev\heavenly-tribulation\scripts\_tests\attributes.hts", "hetu", 0, 0, 0, 0, 0, 0, 47, 0, 0, 0, 2, 8, 57
"e:\_dev\heavenly-tribulation\scripts\_tests\exp.hts", "hetu", 0, 0, 0, 0, 0, 0, 3, 0, 0, 0, 1, 2, 6
"e:\_dev\heavenly-tribulation\scripts\_tests\gradual.hts", "hetu", 0, 0, 0, 0, 0, 0, 8, 0, 0, 0, 6, 3, 17
"e:\_dev\heavenly-tribulation\scripts\main\binding\constants.ht", "hetu", 0, 0, 0, 0, 0, 0, 80, 0, 0, 0, 0, 10, 90
"e:\_dev\heavenly-tribulation\scripts\main\binding\dialog.ht", "hetu", 0, 0, 0, 0, 0, 0, 72, 0, 0, 0, 16, 18, 106
"e:\_dev\heavenly-tribulation\scripts\main\binding\game.ht", "hetu", 0, 0, 0, 0, 0, 0, 71, 0, 0, 0, 1, 35, 107
"e:\_dev\heavenly-tribulation\scripts\main\binding\logic.ht", "hetu", 0, 0, 0, 0, 0, 0, 426, 0, 0, 0, 78, 49, 553
"e:\_dev\heavenly-tribulation\scripts\main\binding\player.ht", "hetu", 0, 0, 0, 0, 0, 0, 535, 0, 0, 0, 123, 91, 749
"e:\_dev\heavenly-tribulation\scripts\main\binding\world.ht", "hetu", 0, 0, 0, 0, 0, 0, 30, 0, 0, 0, 27, 30, 87
"e:\_dev\heavenly-tribulation\scripts\main\cardgame\battle_character.ht", "hetu", 0, 0, 0, 0, 0, 0, 31, 0, 0, 0, 0, 15, 46
"e:\_dev\heavenly-tribulation\scripts\main\cardgame\card.ht", "hetu", 0, 0, 0, 0, 0, 0, 367, 0, 0, 0, 71, 87, 525
"e:\_dev\heavenly-tribulation\scripts\main\cardgame\card_script.ht", "hetu", 0, 0, 0, 0, 0, 0, 201, 0, 0, 0, 42, 19, 262
"e:\_dev\heavenly-tribulation\scripts\main\cardgame\common.ht", "hetu", 0, 0, 0, 0, 0, 0, 12, 0, 0, 0, 15, 1, 28
"e:\_dev\heavenly-tribulation\scripts\main\cardgame\status_script.ht", "hetu", 0, 0, 0, 0, 0, 0, 251, 0, 0, 0, 64, 91, 406
"e:\_dev\heavenly-tribulation\scripts\main\colors.ht", "hetu", 0, 0, 0, 0, 0, 0, 225, 0, 0, 0, 0, 2, 227
"e:\_dev\heavenly-tribulation\scripts\main\data\achievements.ht", "hetu", 0, 0, 0, 0, 0, 0, 7, 0, 0, 0, 0, 2, 9
"e:\_dev\heavenly-tribulation\scripts\main\data\character\battle_entity.ht", "hetu", 0, 0, 0, 0, 0, 0, 579, 0, 0, 0, 109, 86, 774
"e:\_dev\heavenly-tribulation\scripts\main\data\character\character.ht", "hetu", 0, 0, 0, 0, 0, 0, 872, 0, 0, 0, 182, 126, 1180
"e:\_dev\heavenly-tribulation\scripts\main\data\character\npc.ht", "hetu", 0, 0, 0, 0, 0, 0, 24, 0, 0, 0, 0, 3, 27
"e:\_dev\heavenly-tribulation\scripts\main\data\common.ht", "hetu", 0, 0, 0, 0, 0, 0, 161, 0, 0, 0, 16, 25, 202
"e:\_dev\heavenly-tribulation\scripts\main\data\game.ht", "hetu", 0, 0, 0, 0, 0, 0, 316, 0, 0, 0, 48, 74, 438
"e:\_dev\heavenly-tribulation\scripts\main\data\item\equipment.ht", "hetu", 0, 0, 0, 0, 0, 0, 139, 0, 0, 0, 28, 14, 181
"e:\_dev\heavenly-tribulation\scripts\main\data\item\item.ht", "hetu", 0, 0, 0, 0, 0, 0, 428, 0, 0, 0, 64, 54, 546
"e:\_dev\heavenly-tribulation\scripts\main\data\item\other.ht", "hetu", 0, 0, 0, 0, 0, 0, 28, 0, 0, 0, 1, 7, 36
"e:\_dev\heavenly-tribulation\scripts\main\data\item\usable.ht", "hetu", 0, 0, 0, 0, 0, 0, 169, 0, 0, 0, 15, 23, 207
"e:\_dev\heavenly-tribulation\scripts\main\data\journal.ht", "hetu", 0, 0, 0, 0, 0, 0, 146, 0, 0, 0, 10, 22, 178
"e:\_dev\heavenly-tribulation\scripts\main\data\location\location.ht", "hetu", 0, 0, 0, 0, 0, 0, 656, 0, 0, 0, 150, 89, 895
"e:\_dev\heavenly-tribulation\scripts\main\data\production\production.ht", "hetu", 0, 0, 0, 0, 0, 0, 12, 0, 0, 0, 2, 2, 16
"e:\_dev\heavenly-tribulation\scripts\main\data\quest.ht", "hetu", 0, 0, 0, 0, 0, 0, 488, 0, 0, 0, 64, 61, 613
"e:\_dev\heavenly-tribulation\scripts\main\data\sect\sect.ht", "hetu", 0, 0, 0, 0, 0, 0, 634, 0, 0, 0, 71, 76, 781
"e:\_dev\heavenly-tribulation\scripts\main\datetime.ht", "hetu", 0, 0, 0, 0, 0, 0, 90, 0, 0, 0, 6, 14, 110
"e:\_dev\heavenly-tribulation\scripts\main\debug.ht", "hetu", 0, 0, 0, 0, 0, 0, 118, 0, 0, 0, 11, 20, 149
"e:\_dev\heavenly-tribulation\scripts\main\event.ht", "hetu", 0, 0, 0, 0, 0, 0, 55, 0, 0, 0, 29, 5, 89
"e:\_dev\heavenly-tribulation\scripts\main\event\common.ht", "hetu", 0, 0, 0, 0, 0, 0, 26, 0, 0, 0, 0, 9, 35
"e:\_dev\heavenly-tribulation\scripts\main\event\cultivation_trial.ht", "hetu", 0, 0, 0, 0, 0, 0, 209, 0, 0, 0, 7, 10, 226
"e:\_dev\heavenly-tribulation\scripts\main\event\dungeon.ht", "hetu", 0, 0, 0, 0, 0, 0, 682, 0, 0, 0, 3, 27, 712
"e:\_dev\heavenly-tribulation\scripts\main\event\game.ht", "hetu", 0, 0, 0, 0, 0, 0, 269, 0, 0, 0, 10, 14, 293
"e:\_dev\heavenly-tribulation\scripts\main\event\sandbox.ht", "hetu", 0, 0, 0, 0, 0, 0, 96, 0, 0, 0, 2, 17, 115
"e:\_dev\heavenly-tribulation\scripts\main\incident.ht", "hetu", 0, 0, 0, 0, 0, 0, 163, 0, 0, 0, 36, 26, 225
"e:\_dev\heavenly-tribulation\scripts\main\main.ht", "hetu", 0, 0, 0, 0, 0, 0, 141, 0, 0, 0, 12, 18, 171
"e:\_dev\heavenly-tribulation\scripts\main\name\book\book.json5", "JSON5", 0, 0, 1, 0, 0, 0, 0, 0, 0, 0, 0, 1, 2
"e:\_dev\heavenly-tribulation\scripts\main\name\book\postfix.json5", "JSON5", 0, 0, 4, 0, 0, 0, 0, 0, 0, 0, 0, 1, 5
"e:\_dev\heavenly-tribulation\scripts\main\name\book\prefix.json5", "JSON5", 0, 0, 6, 0, 0, 0, 0, 0, 0, 0, 0, 1, 7
"e:\_dev\heavenly-tribulation\scripts\main\name\character.ht", "hetu", 0, 0, 0, 0, 0, 0, 37, 0, 0, 0, 2, 5, 44
"e:\_dev\heavenly-tribulation\scripts\main\name\character\family.json5", "JSON5", 0, 0, 207, 0, 0, 0, 0, 0, 0, 0, 0, 1, 208
"e:\_dev\heavenly-tribulation\scripts\main\name\character\female.json5", "JSON5", 0, 0, 429, 0, 0, 0, 0, 0, 0, 0, 0, 1, 430
"e:\_dev\heavenly-tribulation\scripts\main\name\character\male.json5", "JSON5", 0, 0, 398, 0, 0, 0, 0, 0, 0, 0, 0, 1, 399
"e:\_dev\heavenly-tribulation\scripts\main\name\character\middle.json5", "JSON5", 0, 0, 129, 0, 0, 0, 0, 0, 0, 0, 0, 1, 130
"e:\_dev\heavenly-tribulation\scripts\main\name\common.ht", "hetu", 0, 0, 0, 0, 0, 0, 42, 0, 0, 0, 0, 7, 49
"e:\_dev\heavenly-tribulation\scripts\main\name\common\color.json5", "JSON5", 0, 0, 1, 0, 0, 0, 0, 0, 0, 0, 0, 1, 2
"e:\_dev\heavenly-tribulation\scripts\main\name\common\common.json5", "JSON5", 0, 0, 373, 0, 0, 0, 0, 0, 0, 0, 0, 22, 395
"e:\_dev\heavenly-tribulation\scripts\main\name\common\material.json5", "JSON5", 0, 0, 1, 0, 0, 0, 0, 0, 0, 0, 0, 1, 2
"e:\_dev\heavenly-tribulation\scripts\main\name\common\spirit.json5", "JSON5", 0, 0, 1, 0, 0, 0, 0, 0, 0, 0, 0, 1, 2
"e:\_dev\heavenly-tribulation\scripts\main\name\common\strange.json5", "JSON5", 0, 0, 139, 0, 0, 0, 0, 0, 0, 0, 0, 1, 140
"e:\_dev\heavenly-tribulation\scripts\main\name\consumable.ht", "hetu", 0, 0, 0, 0, 0, 0, 36, 0, 0, 0, 1, 3, 40
"e:\_dev\heavenly-tribulation\scripts\main\name\consumable\beverage.json5", "JSON5", 0, 0, 1, 0, 0, 0, 0, 0, 0, 0, 0, 1, 2
"e:\_dev\heavenly-tribulation\scripts\main\name\consumable\consumable.json5", "JSON5", 0, 0, 5, 0, 0, 0, 0, 0, 0, 0, 0, 1, 6
"e:\_dev\heavenly-tribulation\scripts\main\name\consumable\consumable2.json5", "JSON5", 0, 0, 12, 0, 0, 0, 0, 0, 0, 0, 0, 1, 13
"e:\_dev\heavenly-tribulation\scripts\main\name\consumable\medicine.json5", "JSON5", 0, 0, 1, 0, 0, 0, 0, 0, 0, 0, 0, 1, 2
"e:\_dev\heavenly-tribulation\scripts\main\name\creature.ht", "hetu", 0, 0, 0, 0, 0, 0, 30, 0, 0, 0, 0, 3, 33
"e:\_dev\heavenly-tribulation\scripts\main\name\creature\creature.json5", "JSON5", 0, 0, 59, 0, 0, 0, 0, 0, 0, 0, 0, 7, 66
"e:\_dev\heavenly-tribulation\scripts\main\name\creature\parts.json5", "JSON5", 0, 0, 20, 0, 0, 0, 0, 0, 0, 0, 0, 18, 38
"e:\_dev\heavenly-tribulation\scripts\main\name\creature\prefix.json5", "JSON5", 0, 0, 1, 0, 0, 0, 0, 0, 0, 0, 0, 1, 2
"e:\_dev\heavenly-tribulation\scripts\main\name\creature\strange.json5", "JSON5", 0, 0, 86, 0, 0, 0, 0, 0, 0, 0, 0, 1, 87
"e:\_dev\heavenly-tribulation\scripts\main\name\location.ht", "hetu", 0, 0, 0, 0, 0, 0, 30, 0, 0, 0, 0, 2, 32
"e:\_dev\heavenly-tribulation\scripts\main\name\material.ht", "hetu", 0, 0, 0, 0, 0, 0, 20, 0, 0, 0, 0, 2, 22
"e:\_dev\heavenly-tribulation\scripts\main\name\material\material.json5", "JSON5", 0, 0, 29, 0, 0, 0, 0, 0, 0, 0, 0, 10, 39
"e:\_dev\heavenly-tribulation\scripts\main\name\name.ht", "hetu", 0, 0, 0, 0, 0, 0, 11, 0, 0, 0, 0, 0, 11
"e:\_dev\heavenly-tribulation\scripts\main\name\nation.ht", "hetu", 0, 0, 0, 0, 0, 0, 22, 0, 0, 0, 0, 3, 25
"e:\_dev\heavenly-tribulation\scripts\main\name\organization.ht", "hetu", 0, 0, 0, 0, 0, 0, 16, 0, 0, 0, 9, 3, 28
"e:\_dev\heavenly-tribulation\scripts\main\name\organization\_organization.json5", "JSON5", 0, 0, 6, 0, 0, 0, 0, 0, 0, 0, 0, 4, 10
"e:\_dev\heavenly-tribulation\scripts\main\name\organization\organization.json5", "JSON5", 0, 0, 1, 0, 0, 0, 0, 0, 0, 0, 0, 1, 2
"e:\_dev\heavenly-tribulation\scripts\main\name\place\city.json5", "JSON5", 0, 0, 19, 0, 0, 0, 0, 0, 0, 0, 0, 1, 20
"e:\_dev\heavenly-tribulation\scripts\main\name\place\place.json5", "JSON5", 0, 0, 117, 0, 0, 0, 0, 0, 0, 0, 0, 1, 118
"e:\_dev\heavenly-tribulation\scripts\main\name\place\postfix.json5", "JSON5", 0, 0, 1, 0, 0, 0, 0, 0, 0, 0, 0, 1, 2
"e:\_dev\heavenly-tribulation\scripts\main\name\place\prefix.json5", "JSON5", 0, 0, 20, 0, 0, 0, 0, 0, 0, 0, 0, 1, 21
"e:\_dev\heavenly-tribulation\scripts\main\name\skill.ht", "hetu", 0, 0, 0, 0, 0, 0, 59, 0, 0, 0, 0, 8, 67
"e:\_dev\heavenly-tribulation\scripts\main\name\skill\extra.json5", "JSON5", 0, 0, 1, 0, 0, 0, 0, 0, 0, 0, 0, 1, 2
"e:\_dev\heavenly-tribulation\scripts\main\name\skill\numfix.json5", "JSON5", 0, 0, 29, 0, 0, 0, 0, 0, 0, 0, 0, 1, 30
"e:\_dev\heavenly-tribulation\scripts\main\name\skill\skill.json5", "JSON5", 0, 0, 27, 0, 0, 0, 0, 0, 0, 0, 0, 25, 52
"e:\_dev\heavenly-tribulation\scripts\main\name\talisman.ht", "hetu", 0, 0, 0, 0, 0, 0, 18, 0, 0, 0, 0, 4, 22
"e:\_dev\heavenly-tribulation\scripts\main\name\talisman\postfix.json5", "JSON5", 0, 0, 1, 0, 0, 0, 0, 0, 0, 0, 0, 1, 2
"e:\_dev\heavenly-tribulation\scripts\main\name\talisman\talisman.json5", "JSON5", 0, 0, 20, 0, 0, 0, 0, 0, 0, 0, 5, 5, 30
"e:\_dev\heavenly-tribulation\scripts\main\name\talisman\talisman2.json5", "JSON5", 0, 0, 30, 0, 0, 0, 0, 0, 0, 0, 7, 8, 45
"e:\_dev\heavenly-tribulation\scripts\main\name\zone.ht", "hetu", 0, 0, 0, 0, 0, 0, 34, 0, 0, 0, 0, 3, 37
"e:\_dev\heavenly-tribulation\scripts\main\name\zone\zone.json5", "JSON5", 0, 0, 13, 0, 0, 0, 0, 0, 0, 0, 0, 4, 17
"e:\_dev\heavenly-tribulation\scripts\main\random.ht", "hetu", 0, 0, 0, 0, 0, 0, 9, 0, 0, 0, 0, 3, 12
"e:\_dev\heavenly-tribulation\scripts\main\util.ht", "hetu", 0, 0, 0, 0, 0, 0, 12, 0, 0, 0, 1, 3, 16
"e:\_dev\heavenly-tribulation\scripts\main\world\dungeon.ht", "hetu", 0, 0, 0, 0, 0, 0, 289, 0, 0, 0, 4, 22, 315
"e:\_dev\heavenly-tribulation\scripts\main\world\generation_algorithm.ht", "hetu", 0, 0, 0, 0, 0, 0, 108, 0, 0, 0, 27, 6, 141
"e:\_dev\heavenly-tribulation\scripts\main\world\object.ht", "hetu", 0, 0, 0, 0, 0, 0, 360, 0, 0, 0, 37, 33, 430
"e:\_dev\heavenly-tribulation\scripts\main\world\sandbox.ht", "hetu", 0, 0, 0, 0, 0, 0, 486, 0, 0, 0, 147, 67, 700
"e:\_dev\heavenly-tribulation\scripts\main\world\tile\hexagonal_tile.ht", "hetu", 0, 0, 0, 0, 0, 0, 121, 0, 0, 0, 27, 7, 155
"e:\_dev\heavenly-tribulation\scripts\main\world\tile\orthogonal_tile.ht", "hetu", 0, 0, 0, 0, 0, 0, 64, 0, 0, 0, 17, 7, 88
"e:\_dev\heavenly-tribulation\scripts\main\world\tile\tilemap.ht", "hetu", 0, 0, 0, 0, 0, 0, 61, 0, 0, 0, 8, 12, 81
"e:\_dev\heavenly-tribulation\scripts\main\world\world.ht", "hetu", 0, 0, 0, 0, 0, 0, 158, 0, 0, 0, 58, 24, 240
"e:\_dev\heavenly-tribulation\scripts\main\world\zone.ht", "hetu", 0, 0, 0, 0, 0, 0, 28, 0, 0, 0, 4, 6, 38
"e:\_dev\heavenly-tribulation\scripts\story\data\items.json5", "JSON5", 0, 0, 50, 0, 0, 0, 0, 0, 0, 0, 8, 1, 59
"e:\_dev\heavenly-tribulation\scripts\story\data\journals.json5", "JSON5", 0, 0, 17, 0, 0, 0, 0, 0, 0, 0, 0, 1, 18
"e:\_dev\heavenly-tribulation\scripts\story\data\passives.json5", "JSON5", 0, 0, 10, 0, 0, 0, 0, 0, 0, 0, 0, 1, 11
"e:\_dev\heavenly-tribulation\scripts\story\events\cave.ht", "hetu", 0, 0, 0, 0, 0, 0, 134, 0, 0, 0, 5, 6, 145
"e:\_dev\heavenly-tribulation\scripts\story\events\common.ht", "hetu", 0, 0, 0, 0, 0, 0, 31, 0, 0, 0, 11, 8, 50
"e:\_dev\heavenly-tribulation\scripts\story\events\game.ht", "hetu", 0, 0, 0, 0, 0, 0, 181, 0, 0, 0, 17, 14, 212
"e:\_dev\heavenly-tribulation\scripts\story\events\main.ht", "hetu", 0, 0, 0, 0, 0, 0, 41, 0, 0, 0, 12, 9, 62
"e:\_dev\heavenly-tribulation\scripts\story\l10n\en.ht", "hetu", 0, 0, 0, 0, 0, 0, 4, 0, 0, 0, 0, 0, 4
"e:\_dev\heavenly-tribulation\scripts\story\l10n\l10n.ht", "hetu", 0, 0, 0, 0, 0, 0, 6, 0, 0, 0, 0, 1, 7
"e:\_dev\heavenly-tribulation\scripts\story\l10n\zh.ht", "hetu", 0, 0, 0, 0, 0, 0, 14, 0, 0, 0, 0, 2, 16
"e:\_dev\heavenly-tribulation\scripts\story\l10n\zh\chapter01.json", "JSON", 0, 0, 0, 27, 0, 0, 0, 0, 0, 0, 0, 25, 52
"e:\_dev\heavenly-tribulation\scripts\story\l10n\zh\general.json", "JSON", 0, 0, 0, 3, 0, 0, 0, 0, 0, 0, 0, 1, 4
"e:\_dev\heavenly-tribulation\scripts\story\l10n\zh\items.json", "JSON", 0, 0, 0, 4, 0, 0, 0, 0, 0, 0, 0, 1, 5
"e:\_dev\heavenly-tribulation\scripts\story\l10n\zh\journals.json", "JSON", 0, 0, 0, 12, 0, 0, 0, 0, 0, 0, 0, 3, 15
"e:\_dev\heavenly-tribulation\scripts\story\l10n\zh\prelude.json", "JSON", 0, 0, 0, 50, 0, 0, 0, 0, 0, 0, 0, 48, 98
"e:\_dev\heavenly-tribulation\scripts\story\main.ht", "hetu", 0, 0, 0, 0, 0, 0, 41, 0, 0, 0, 15, 7, 63
"e:\_dev\heavenly-tribulation\update_icons.py", "Python", 0, 0, 0, 0, 3, 0, 0, 0, 0, 0, 0, 2, 5
"e:\_dev\heavenly-tribulation\windows\CMakeLists.txt", "CMake", 0, 89, 0, 0, 0, 0, 0, 0, 0, 0, 0, 20, 109
"e:\_dev\heavenly-tribulation\windows\flutter\CMakeLists.txt", "CMake", 0, 98, 0, 0, 0, 0, 0, 0, 0, 0, 0, 12, 110
"e:\_dev\heavenly-tribulation\windows\flutter\generated_plugin_registrant.cc", "C++", 24, 0, 0, 0, 0, 0, 0, 0, 0, 0, 4, 5, 33
"e:\_dev\heavenly-tribulation\windows\flutter\generated_plugin_registrant.h", "C++", 5, 0, 0, 0, 0, 0, 0, 0, 0, 0, 5, 6, 16
"e:\_dev\heavenly-tribulation\windows\flutter\generated_plugins.cmake", "CMake", 0, 25, 0, 0, 0, 0, 0, 0, 0, 0, 0, 6, 31
"e:\_dev\heavenly-tribulation\windows\runner\CMakeLists.txt", "CMake", 0, 34, 0, 0, 0, 0, 0, 0, 0, 0, 0, 7, 41
"e:\_dev\heavenly-tribulation\windows\runner\flutter_window.cpp", "C++", 49, 0, 0, 0, 0, 0, 0, 0, 0, 0, 7, 16, 72
"e:\_dev\heavenly-tribulation\windows\runner\flutter_window.h", "C++", 20, 0, 0, 0, 0, 0, 0, 0, 0, 0, 5, 9, 34
"e:\_dev\heavenly-tribulation\windows\runner\main.cpp", "C++", 30, 0, 0, 0, 0, 0, 0, 0, 0, 0, 4, 10, 44
"e:\_dev\heavenly-tribulation\windows\runner\resource.h", "C++", 9, 0, 0, 0, 0, 0, 0, 0, 0, 0, 6, 2, 17
"e:\_dev\heavenly-tribulation\windows\runner\utils.cpp", "C++", 54, 0, 0, 0, 0, 0, 0, 0, 0, 0, 2, 10, 66
"e:\_dev\heavenly-tribulation\windows\runner\utils.h", "C++", 8, 0, 0, 0, 0, 0, 0, 0, 0, 0, 6, 6, 20
"e:\_dev\heavenly-tribulation\windows\runner\win32_window.cpp", "C++", 210, 0, 0, 0, 0, 0, 0, 0, 0, 0, 24, 55, 289
"e:\_dev\heavenly-tribulation\windows\runner\win32_window.h", "C++", 48, 0, 0, 0, 0, 0, 0, 0, 0, 0, 31, 24, 103
"Total", "-", 457, 246, 22295, 2559, 9, 2444, 11370, 243, 36382, 15734, 4096, 8377, 104212